"city","city_ascii","lat","lng","country","iso2","iso3","admin_name","capital","population","id"
"Oranjestad","Oranjestad","12.5186","-70.0358","Aruba","AW","ABW","","primary","34980","1533513057"
"Kabul","Kabul","34.5328","69.1658","Afghanistan","AF","AFG","Kābul","primary","4273156","1004993580"
"Luanda","Luanda","-8.8383","13.2344","Angola","AO","AGO","Luanda","primary","8883000","1024949724"
"Tirana","Tirana","41.33","19.82","Albania","AL","ALB","Tiranë","primary","418495","1008162156"
"Andorra la Vella","Andorra la Vella","42.5","1.5","Andorra","AD","AND","Andorra la Vella","primary","22615","1020828846"
"Dubai","Dubai","25.2697","55.3094","United Arab Emirates","AE","ARE","Dubayy","admin","2502715","1784736618"
"Córdoba","Cordoba","-31.4167","-64.1833","Argentina","AR","ARG","Córdoba","admin","1329604","1032803249"
"Yerevan","Yerevan","40.1814","44.5144","Armenia","AM","ARM","Yerevan","primary","1075800","1051074169"
"Pago Pago","Pago Pago","-14.274","-170.7046","American Samoa","AS","ASM","","primary","12576","1016976740"
"Saint John’s","Saint John's","17.1211","-61.8447","Antigua And Barbuda","AG","ATG","Saint John","primary","21926","1028912067"
"Sydney","Sydney","-33.865","151.2094","Australia","AU","AUS","New South Wales","admin","4840600","1036074917"
"Vienna","Vienna","48.2083","16.3725","Austria","AT","AUT","Wien","primary","1911191","1040261752"
"Baku","Baku","40.3667","49.8352","Azerbaijan","AZ","AZE","Bakı","primary","2181800","1031946365"
"Bujumbura","Bujumbura","-3.3825","29.3611","Burundi","BI","BDI","Bujumbura Mairie","primary","658859","1108101689"
"Brussels","Brussels","50.8353","4.3314","Belgium","BE","BEL","Brussels-Capital Region","primary","1743000","1056469830"
"Cotonou","Cotonou","6.402","2.518","Benin","BJ","BEN","Littoral","primary","762000","1204955174"
"Ouagadougou","Ouagadougou","12.3686","-1.5275","Burkina Faso","BF","BFA","Centre","primary","2453496","1854029208"
"Dhaka","Dhaka","23.7289","90.3944","Bangladesh","BD","BGD","Dhaka","primary","16839000","1050529279"
"Sofia","Sofia","42.6979","23.3217","Bulgaria","BG","BGR","Sofia-Grad","primary","1277411","1100762037"
"Manama","Manama","26.225","50.5775","Bahrain","BH","BHR","Al ‘Āşimah","primary","157474","1048989486"
"Nassau","Nassau","25.0667","-77.3333","The Bahamas","BS","BHS","","primary","274400","1044318561"
"Brčko","Brcko","44.8783","18.8092","Bosnia And Herzegovina","BA","BIH","Brcko District","admin","39893","1070370826"
"Minsk","Minsk","53.9022","27.5618","Belarus","BY","BLR","Minsk","primary","2009786","1112348503"
"Belize City","Belize City","17.4986","-88.1886","Belize","BZ","BLZ","Belize","admin","57169","1084150679"
"Hamilton","Hamilton","32.2942","-64.7839","Bermuda","BM","BMU","Hamilton","primary","52320","1060000000"
"Santa Cruz","Santa Cruz","-17.7892","-63.1975","Bolivia","BO","BOL","Santa Cruz","admin","3151676","1068129363"
"São Paulo","Sao Paulo","-23.5504","-46.6339","Brazil","BR","BRA","São Paulo","admin","22495000","1076532519"
"Bridgetown","Bridgetown","13.0975","-59.6167","Barbados","BB","BRB","Saint Michael","primary","110000","1052274244"
"Bandar Seri Begawan","Bandar Seri Begawan","4.9167","114.9167","Brunei","BN","BRN","Brunei and Muara","primary","50000","1096465895"
"Thimphu","Thimphu","27.4833","89.6333","Bhutan","BT","BTN","Thimphu","primary","104000","1064010361"
"Gaborone","Gaborone","-24.6569","25.9086","Botswana","BW","BWA","Gaborone","primary","231626","1072756768"
"Bangui","Bangui","4.3732","18.5628","Central African Republic","CF","CAF","Bangui","primary","889231","1140080881"
"Toronto","Toronto","43.7417","-79.3733","Canada","CA","CAN","Ontario","admin","5429524","1124279679"
"Zürich","Zurich","47.3744","8.5411","Switzerland","CH","CHE","Zürich","admin","434008","1756539143"
"Santiago","Santiago","-33.45","-70.6667","Chile","CL","CHL","Región Metropolitana","primary","7026000","1152554349"
"Shanghai","Shanghai","31.1667","121.4667","China","CN","CHN","Shanghai","admin","22118000","1156073548"
"Abidjan","Abidjan","5.3364","-4.0267","Côte d'Ivoire","CI","CIV","Abidjan","primary","4980000","1384207980"
"Douala","Douala","4.05","9.7","Cameroon","CM","CMR","Littoral","admin","2446945","1120494607"
"Kinshasa","Kinshasa","-4.3317","15.3139","Congo (Kinshasa)","CD","COD","Kinshasa","primary","15056000","1180000363"
"Brazzaville","Brazzaville","-4.2667","15.2833","Congo (Brazzaville)","CG","COG","Brazzaville","primary","1827000","1178340306"
"Avarua","Avarua","-21.207","-159.771","Cook Islands","CK","COK","","primary","5445","1184217570"
"Bogotá","Bogota","4.6126","-74.0705","Colombia","CO","COL","Bogotá","primary","7743955","1170483426"
"Moroni","Moroni","-11.7036","43.2536","Comoros","KM","COM","Grande Comore","primary","111329","1174793581"
"Praia","Praia","14.9177","-23.5092","Cabo Verde","CV","CPV","Praia","primary","127832","1132398770"
"San José","San Jose","9.9333","-84.0833","Costa Rica","CR","CRI","San José","primary","288054","1188749877"
"Havana","Havana","23.1367","-82.3589","Cuba","CU","CUB","La Habana","primary","2141652","1192752771"
"Willemstad","Willemstad","12.108","-68.935","Curaçao","CW","CUW","","primary","150000","1531000000"
"George Town","George Town","19.2866","-81.3744","Cayman Islands","KY","CYM","","primary","27704","1136159124"
"Nicosia","Nicosia","35.1725","33.365","Cyprus","CY","CYP","Lefkosía","primary","330000","1196944155"
"Brno","Brno","49.1953","16.6083","Czechia","CZ","CZE","Jihomoravský Kraj","admin","382405","1203676514"
"Berlin","Berlin","52.5167","13.3833","Germany","DE","DEU","Berlin","primary","3664088","1276451290"
"Djibouti","Djibouti","11.595","43.1481","Djibouti","DJ","DJI","Djibouti","primary","562000","1262028958"
"Roseau","Roseau","15.3","-61.3833","Dominica","DM","DMA","Saint George","primary","16582","1212060440"
"Copenhagen","Copenhagen","55.6805","12.5615","Denmark","DK","DNK","Hovedstaden","primary","1085000","1208763942"
"Santo Domingo","Santo Domingo","18.4764","-69.8933","Dominican Republic","DO","DOM","Ozama","primary","2581827","1214636202"
"Algiers","Algiers","36.7764","3.0586","Algeria","DZ","DZA","Alger","primary","3415811","1012973369"
"Guayaquil","Guayaquil","-2.19","-79.8875","Ecuador","EC","ECU","Guayas","admin","2723665","1218802178"
"Cairo","Cairo","30.0444","31.2358","Egypt","EG","EGY","Al Qāhirah","primary","19787000","1818253931"
"Asmara","Asmara","15.3333","38.9167","Eritrea","ER","ERI","Ma’ākel","primary","963000","1232791236"
"Madrid","Madrid","40.4167","-3.7167","Spain","ES","ESP","Madrid","primary","6006000","1724616994"
"Tallinn","Tallinn","59.4372","24.745","Estonia","EE","EST","Harjumaa","primary","438341","1233260021"
"Addis Ababa","Addis Ababa","9.0272","38.7369","Ethiopia","ET","ETH","Ādīs Ābeba","primary","3041002","1231824991"
"Helsinki","Helsinki","60.1756","24.9342","Finland","FI","FIN","Uusimaa","primary","642045","1246177997"
"Suva","Suva","-18.1333","178.4333","Fiji","FJ","FJI","Rewa","primary","88271","1242615095"
"Stanley","Stanley","-51.7","-57.85","Falkland Islands (Islas Malvinas)","FK","FLK","","primary","2213","1238780509"
"Paris","Paris","48.8566","2.3522","France","FR","FRA","Île-de-France","primary","11027000","1250015082"
"Tórshavn","Torshavn","62.0","-6.7833","Faroe Islands","FO","FRO","","primary","13326","1234904517"
"Palikir","Palikir","6.9178","158.185","Federated States of Micronesia","FM","FSM","Pohnpei","primary","6227","1583008885"
"Libreville","Libreville","0.3901","9.4544","Gabon","GA","GAB","Estuaire","primary","797003","1266952885"
"Birmingham","Birmingham","52.48","-1.9025","United Kingdom","GB","GBR","Birmingham","","1137100","1826423213"
"Tbilisi","Tbilisi","41.7225","44.7925","Georgia","GE","GEO","Tbilisi","primary","1118035","1268203191"
"Accra","Accra","5.6037","-0.187","Ghana","GH","GHA","Greater Accra","primary","2291352","1288299415"
"Gibraltar","Gibraltar","36.1324","-5.3781","Gibraltar","GI","GIB","","primary","187083","1292385245"
"Conakry","Conakry","9.538","-13.6773","Guinea","GN","GIN","Conakry","primary","1667864","1324568159"
"Pointe-à-Pitre","Pointe-a-Pitre","16.2415","-61.533","Guadeloupe","GP","GLP","","","145511","1312460524"
"Brikama","Brikama","13.2804","-16.6599","The Gambia","GM","GMB","Western","admin","195136","1270953861"
"Bissau","Bissau","11.8592","-15.5956","Guinea-Bissau","GW","GNB","Bissau","primary","395954","1624168850"
"Bata","Bata","1.865","9.77","Equatorial Guinea","GQ","GNQ","Litoral","admin","250770","1226528087"
"Athens","Athens","37.9842","23.7281","Greece","GR","GRC","Attikí","primary","664046","1300715560"
"Saint George’s","Saint George's","12.0444","-61.7417","Grenada","GD","GRD","Saint George","primary","4315","1308891766"
"Nuuk","Nuuk","64.175","-51.7333","Greenland","GL","GRL","Sermersooq","primary","18326","1304028354"
"Guatemala City","Guatemala City","14.6099","-90.5252","Guatemala","GT","GTM","Guatemala","primary","2934841","1320197916"
"Cayenne","Cayenne","4.933","-52.33","French Guiana","GF","GUF","","primary","61550","1254304969"
"Maina","Maina","13.4692","144.7332","Guam","GU","GUM","","","122411","1316874021"
"Georgetown","Georgetown","6.7833","-58.1667","Guyana","GY","GUY","Demerara-Mahaica","primary","200500","1328160906"
"Hong Kong","Hong Kong","22.3069","114.1831","Hong Kong","HK","HKG","","primary","7398000","1344982653"
"Comayagüela","Comayaguela","14.0833","-87.2167","Honduras","HN","HND","Francisco Morazán","","1250000","1340762485"
"Split","Split","43.51","16.45","Croatia","HR","HRV","Splitsko-Dalmatinska Županija","admin","178102","1191440208"
"Port-au-Prince","Port-au-Prince","18.5425","-72.3386","Haiti","HT","HTI","Ouest","primary","987310","1332401940"
"Budapest","Budapest","47.4983","19.0408","Hungary","HU","HUN","Budapest","primary","1723836","1348611435"
"Jakarta","Jakarta","-6.2146","106.8451","Indonesia","ID","IDN","Jakarta","primary","35362000","1360771077"
"Douglas","Douglas","54.15","-4.4819","Isle Of Man","IM","IMN","","primary","27938","1833688345"
"Delhi","Delhi","28.6667","77.2167","India","IN","IND","Delhi","admin","31870000","1356872604"
"Dublin","Dublin","53.3497","-6.2603","Ireland","IE","IRL","Dublin","primary","553165","1372595407"
"Tehran","Tehran","35.7","51.4167","Iran","IR","IRN","Tehrān","primary","13819000","1364305026"
"Baghdad","Baghdad","33.35","44.4167","Iraq","IQ","IRQ","Baghdād","primary","6107000","1368596238"
"Reykjavík","Reykjavik","64.1475","-21.935","Iceland","IS","ISL","","primary","128793","1352327190"
"Jerusalem","Jerusalem","31.7833","35.2167","Israel","IL","ISR","Jerusalem","primary","919438","1376261644"
"Rome","Rome","41.8931","12.4828","Italy","IT","ITA","Lazio","primary","2872800","1380382862"
"Kingston","Kingston","17.9714","-76.7931","Jamaica","JM","JAM","Kingston","primary","580000","1388709177"
"Saint Helier","Saint Helier","49.1858","-2.11","Jersey","JE","JEY","","primary","33522","1832490253"
"Amman","Amman","31.95","35.9333","Jordan","JO","JOR","Al ‘Āşimah","primary","4007526","1400522593"
"Tokyo","Tokyo","35.6839","139.7744","Japan","JP","JPN","Tōkyō","primary","39105000","1392685764"
"Almaty","Almaty","43.25","76.9","Kazakhstan","KZ","KAZ","Almaty","admin","1916822","1398351701"
"Nairobi","Nairobi","-1.2864","36.8172","Kenya","KE","KEN","Nairobi City","primary","5545000","1404000661"
"Bishkek","Bishkek","42.8667","74.5667","Kyrgyzstan","KG","KGZ","Bishkek","primary","1053900","1417191971"
"Phnom Penh","Phnom Penh","11.5696","104.921","Cambodia","KH","KHM","Phnom Penh","primary","2129371","1116260534"
"Tarawa","Tarawa","1.3382","173.0176","Kiribati","KI","KIR","","primary","28802","1296152641"
"Basseterre","Basseterre","17.2983","-62.7342","Saint Kitts And Nevis","KN","KNA","Saint George Basseterre","primary","13220","1659198919"
"Seoul","Seoul","37.56","126.99","South Korea","KR","KOR","Seoul","primary","22394000","1410836482"
"Kuwait City","Kuwait City","29.375","47.98","Kuwait","KW","KWT","Al ‘Āşimah","primary","2989000","1414102075"
"Vientiane","Vientiane","17.9667","102.6","Laos","LA","LAO","Viangchan","primary","948487","1418732714"
"Tripoli","Tripoli","34.4333","35.8333","Lebanon","LB","LBN","Liban-Nord","admin","530000","1422886065"
"Monrovia","Monrovia","6.3106","-10.8047","Liberia","LR","LBR","Montserrado","primary","1021762","1430477826"
"Tripoli","Tripoli","32.8752","13.1875","Libya","LY","LBY","Ţarābulus","primary","1126000","1434201852"
"Castries","Castries","14.0167","-60.9833","Saint Lucia","LC","LCA","Castries","primary","70000","1662922505"
"Schaan","Schaan","47.1667","9.5167","Liechtenstein","LI","LIE","Schaan","admin","5998","1438982330"
"Colombo","Colombo","6.9167","79.8333","Sri Lanka","LK","LKA","Western","primary","752993","1144251314"
"Maseru","Maseru","-29.31","27.48","Lesotho","LS","LSO","Maseru","primary","330790","1426977668"
"Vilnius","Vilnius","54.6833","25.2833","Lithuania","LT","LTU","Vilniaus Miestas","primary","574147","1440887149"
"Luxembourg","Luxembourg","49.6106","6.1328","Luxembourg","LU","LUX","Luxembourg","primary","128512","1442262731"
"Riga","Riga","56.9475","24.1069","Latvia","LV","LVA","Rīga","primary","614618","1428586192"
"Macau","Macau","22.203","113.545","Macau","MO","MAC","","","568700","1446227359"
"Casablanca","Casablanca","33.5992","-7.62","Morocco","MA","MAR","Casablanca-Settat","admin","4370000","1504175315"
"Monaco","Monaco","43.7396","7.4069","Monaco","MC","MCO","","primary","36371","1492854256"
"Chisinau","Chisinau","47.0228","28.8353","Moldova","MD","MDA","Chişinău","primary","639000","1498011437"
"Antananarivo","Antananarivo","-18.9386","47.5214","Madagascar","MG","MDG","Antananarivo","primary","2610000","1450978461"
"Male","Male","4.175","73.5083","Maldives","MV","MDV","Maale","primary","133019","1462441685"
"Mexico City","Mexico City","19.4333","-99.1333","Mexico","MX","MEX","Ciudad de México","primary","21505000","1484247881"
"Majuro","Majuro","7.0918","171.3802","Marshall Islands","MH","MHL","Majuro","primary","30000","1584000000"
"Skopje","Skopje","41.9833","21.4333","Macedonia","MK","MKD","Skopje","primary","640000","1807600615"
"Bamako","Bamako","12.6458","-7.9922","Mali","ML","MLI","Bamako","primary","2009109","1466965925"
"Birkirkara","Birkirkara","35.9","14.4667","Malta","MT","MLT","Birkirkara","admin","24356","1470754290"
"Rangoon","Rangoon","16.795","96.16","Myanmar","MM","MMR","Yangon","primary","5430000","1104616656"
"Podgorica","Podgorica","42.4397","19.2661","Montenegro","ME","MNE","Podgorica","primary","174515","1499454516"
"Ulaanbaatar","Ulaanbaatar","47.9214","106.9055","Mongolia","MN","MNG","Ulaanbaatar","primary","1396288","1496024767"
"Capitol Hill","Capitol Hill","15.2137","145.7546","Northern Mariana Islands","MP","MNP","","primary","2500","1580556972"
"Maputo","Maputo","-25.9153","32.5764","Mozambique","MZ","MOZ","Maputo","primary","1191613","1508074843"
"Nouakchott","Nouakchott","18.0858","-15.9785","Mauritania","MR","MRT","","primary","1077169","1478414984"
"Brades","Brades","16.7928","-62.2106","Montserrat","MS","MSR","Saint Peter","primary","391","1500971198"
"Fort-de-France","Fort-de-France","14.6104","-61.08","Martinique","MQ","MTQ","","primary","253995","1474969110"
"Curepipe","Curepipe","-20.3162","57.5166","Mauritius","MU","MUS","Plaines Wilhems","","299975","1480343099"
"Blantyre","Blantyre","-15.7861","35.0058","Malawi","MW","MWI","Blantyre","admin","1895973","1454145012"
"Kuala Lumpur","Kuala Lumpur","3.1478","101.6953","Malaysia","MY","MYS","Kuala Lumpur","primary","8639000","1458988644"
"Mamoudzou","Mamoudzou","-12.7871","45.275","Mayotte","YT","MYT","","primary","32057","1175099654"
"Windhoek","Windhoek","-22.57","17.0836","Namibia","NA","NAM","Khomas","primary","322500","1516802003"
"Nouméa","Noumea","-22.2625","166.4443","New Caledonia","NC","NCL","Province Sud","primary","93060","1540958092"
"Niamey","Niamey","13.5086","2.1111","Niger","NE","NER","Niamey","primary","1026848","1562932886"
"Lagos","Lagos","6.45","3.4","Nigeria","NG","NGA","Lagos","minor","15487000","1566593751"
"Managua","Managua","12.15","-86.2667","Nicaragua","NI","NIC","Managua","primary","1028808","1558296252"
"Alofi","Alofi","-19.056","-169.921","Niue","NU","NIU","","primary","1611","1570882835"
"Amsterdam","Amsterdam","52.3667","4.8833","Netherlands","NL","NLD","Noord-Holland","primary","862965","1528355309"
"Oslo","Oslo","59.9111","10.7528","Norway","NO","NOR","Oslo","primary","693494","1578324706"
"Kathmandu","Kathmandu","27.7167","85.3667","Nepal","NP","NPL","Bāgmatī","primary","975453","1524589448"
"Auckland","Auckland","-36.85","174.7833","New Zealand","NZ","NZL","Auckland","admin","1346091","1554435911"
"Muscat","Muscat","23.6139","58.5922","Oman","OM","OMN","Masqaţ","primary","1421409","1512035506"
"Karachi","Karachi","24.86","67.01","Pakistan","PK","PAK","Sindh","admin","15292000","1586129469"
"Panama City","Panama City","9.0","-79.5","Panama","PA","PAN","Panamá","primary","880691","1591672475"
"Lima","Lima","-12.06","-77.0375","Peru","PE","PER","Lima","primary","8992000","1604728603"
"Manila","Manila","14.6","120.9833","Philippines","PH","PHL","Manila","primary","23971000","1608618140"
"Koror","Koror","7.3433","134.4804","Palau","PW","PLW","Koror","","8744","1585174728"
"Port Moresby","Port Moresby","-9.4789","147.1494","Papua New Guinea","PG","PNG","National Capital","primary","317374","1598685395"
"Warsaw","Warsaw","52.23","21.0111","Poland","PL","POL","Mazowieckie","primary","1790658","1616024847"
"San Juan","San Juan","18.4037","-66.0636","Puerto Rico","PR","PRI","Puerto Rico","primary","323279","1630035577"
"Pyongyang","Pyongyang","39.03","125.73","North Korea","KP","PRK","P’yŏngyang","primary","2863000","1408738594"
"Lisbon","Lisbon","38.708","-9.139","Portugal","PT","PRT","Lisboa","primary","506654","1620619017"
"Asunción","Asuncion","-25.3","-57.6333","Paraguay","PY","PRY","Asunción","primary","524190","1600057911"
"Papeete","Papeete","-17.5334","-149.5667","French Polynesia","PF","PYF","Îles du Vent","primary","131695","1258907380"
"Doha","Doha","25.3","51.5333","Qatar","QA","QAT","Ad Dawḩah","primary","1186023","1634459660"
"Saint-Denis","Saint-Denis","-20.8789","55.4481","Reunion","RE","REU","","primary","190047","1638024662"
"Bucharest","Bucharest","44.4","26.0833","Romania","RO","ROU","Bucureşti","primary","1883425","1642414442"
"Moscow","Moscow","55.7558","37.6178","Russia","RU","RUS","Moskva","primary","17693000","1643318494"
"Kigali","Kigali","-1.9536","30.0606","Rwanda","RW","RWA","Kigali","primary","1156663","1646923541"
"Riyadh","Riyadh","24.65","46.71","Saudi Arabia","SA","SAU","Ar Riyāḑ","primary","6889000","1682999334"
"Khartoum","Khartoum","15.6031","32.5265","Sudan","SD","SDN","Khartoum","primary","6017000","1729268475"
"Pikine","Pikine","14.75","-17.4","Senegal","SN","SEN","Dakar","","1170791","1686165071"
"Singapore","Singapore","1.3","103.8","Singapore","SG","SGP","Central Singapore","primary","5271000","1702341327"
"Grytviken","Grytviken","-54.2806","-36.508","South Georgia And South Sandwich Islands","GS","SGS","","","99","1239048837"
"Honiara","Honiara","-9.4333","159.95","Solomon Islands","SB","SLB","Honiara","primary","84520","1090737486"
"Freetown","Freetown","8.4833","-13.2331","Sierra Leone","SL","SLE","Western Area","primary","951000","1694085071"
"San Salvador","San Salvador","13.6989","-89.1914","El Salvador","SV","SLV","San Salvador","primary","567698","1222647454"
"San Marino","San Marino","43.932","12.4484","San Marino","SM","SMR","San Marino Città","primary","4040","1674741947"
"Mogadishu","Mogadishu","2.0408","45.3425","Somalia","SO","SOM","Banaadir","primary","2120000","1706893395"
"Belgrade","Belgrade","44.8167","20.4667","Serbia","RS","SRB","Beograd","primary","1378682","1688374696"
"Juba","Juba","4.85","31.6","South Sudan","SS","SSD","Central Equatoria","primary","372410","1728444337"
"São Tomé","Sao Tome","0.3333","6.7333","Sao Tome And Principe","ST","STP","São Tomé","primary","56166","1678301324"
"Paramaribo","Paramaribo","5.8667","-55.1667","Suriname","SR","SUR","Paramaribo","primary","223757","1740518660"
"Bratislava","Bratislava","48.1447","17.1128","Slovakia","SK","SVK","Bratislavský","primary","475503","1703195001"
"Ljubljana","Ljubljana","46.05","14.5167","Slovenia","SI","SVN","Ljubljana","primary","286745","1705917455"
"Stockholm","Stockholm","59.3294","18.0686","Sweden","SE","SWE","Stockholm","primary","975819","1752425602"
"Manzini","Manzini","-26.4833","31.3667","Swaziland","SZ","SWZ","Manzini","admin","110508","1748177431"
"Victoria","Victoria","-4.6236","55.4544","Seychelles","SC","SYC","English River","primary","26450","1690193579"
"Aleppo","Aleppo","36.2","37.15","Syria","SY","SYR","Ḩalab","admin","1916781","1760366651"
"Grand Turk","Grand Turk","21.4664","-71.136","Turks And Caicos Islands","TC","TCA","","primary","5801","1796965313"
"N’Djamena","N'Djamena","12.11","15.05","Chad","TD","TCD","Ville de N’Djaména","primary","1092066","1148708596"
"Lomé","Lome","6.1319","1.2228","Togo","TG","TGO","Maritime","primary","837437","1768409132"
"Bangkok","Bangkok","13.75","100.5167","Thailand","TH","THA","Krung Thep Maha Nakhon","primary","17573000","1764068610"
"Dushanbe","Dushanbe","38.5731","68.7864","Tajikistan","TJ","TJK","Dushanbe","primary","778500","1762930616"
"Türkmenabat","Turkmenabat","39.1","63.5667","Turkmenistan","TM","TKM","Lebap","admin","408906","1795079064"
"Dili","Dili","-8.5536","125.5783","Timor-Leste","TL","TLS","Díli","primary","222323","1626308942"
"Nuku‘alofa","Nuku`alofa","-21.1347","-175.2083","Tonga","TO","TON","Tongatapu","primary","23221","1776737461"
"Chaguanas","Chaguanas","10.5144","-61.4075","Trinidad And Tobago","TT","TTO","Chaguanas","admin","83489","1780795054"
"Tunis","Tunis","36.8008","10.18","Tunisia","TN","TUN","Tunis","primary","1056247","1788742103"
"Istanbul","Istanbul","41.01","28.9603","Turkey","TR","TUR","İstanbul","admin","15311000","1792756324"
"Funafuti","Funafuti","-8.5243","179.1942","Tuvalu","TV","TUV","Funafuti","primary","6025","1798251391"
"Taichung","Taichung","24.15","120.6667","Taiwan","TW","TWN","Taichung","admin","2803894","1158689622"
"Dar es Salaam","Dar es Salaam","-6.8","39.2833","Tanzania","TZ","TZA","Dar es Salaam","primary","7461000","1834843853"
"Kampala","Kampala","0.3136","32.5811","Uganda","UG","UGA","Kampala","primary","1659600","1800406299"
"Kharkiv","Kharkiv","50.0","36.2292","Ukraine","UA","UKR","Kharkivs’ka Oblast’","admin","1446107","1804588111"
"Montevideo","Montevideo","-34.8667","-56.1667","Uruguay","UY","URY","Montevideo","primary","1319108","1858107000"
"New York","New York","40.6943","-73.9249","United States","US","USA","New York","","18713220","1840034016"
"Tashkent","Tashkent","41.3","69.2667","Uzbekistan","UZ","UZB","Toshkent","primary","2497900","1860331871"
"Vatican City","Vatican City","41.9033","12.4534","Vatican City","VA","VAT","","primary","825","1336000000"
"Kingstown","Kingstown","13.1667","-61.2333","Saint Vincent And The Grenadines","VC","VCT","Saint George","primary","25000","1670376659"
"Caracas","Caracas","10.5","-66.9333","Venezuela","VE","VEN","Distrito Capital","primary","1943901","1862748204"
"Ho Chi Minh City","Ho Chi Minh City","10.8167","106.6333","Vietnam","VN","VNM","Hồ Chí Minh","admin","13954000","1704774326"
"Port-Vila","Port-Vila","-17.7333","168.3167","Vanuatu","VU","VUT","Shefa","primary","51437","1548805075"
"Apia","Apia","-13.8333","-171.8333","Samoa","WS","WSM","Tuamasaga","primary","37708","1882489296"
"Malishevë","Malisheve","42.4828","20.7458","Kosovo","XK","XKS","Malishevë","admin","54613","1901597212"
"Sanaa","Sanaa","15.35","44.2","Yemen","YE","YEM","Amānat al ‘Āşimah","primary","2957000","1887750814"
"Johannesburg","Johannesburg","-26.2044","28.0416","South Africa","ZA","ZAF","Gauteng","admin","4434827","1710550792"
"Lusaka","Lusaka","-15.4167","28.2833","Zambia","ZM","ZMB","Lusaka","primary","1742979","1894157390"
"Harare","Harare","-17.8292","31.0522","Zimbabwe","ZW","ZWE","Harare","primary","2150000","1716196799"
